Workbook

Sheet Eventos
A1: Calendario de Google — unocrono@gmail.com · eventos futuros
A2: 12 eventos desde hoy 11/08/2026 hasta 31/12/2026. Exportado el 11/08/2026. Zona horaria: Europe/Madrid. En eventos de día completo la fecha de fin se muestra en inclusiva (Google la almacena en exclusiva). No se incluye el calendario «Festivos en España» ni los eventos ya pasados.
A4: Título | B4: Fecha inicio | C4: Hora inicio | D4: Fecha fin | E4: Hora fin | F4: Todo el día | G4: Duración (días) | H4: Día de la semana | I4: Año | J4: Mes | K4: Nombre del mes | L4: Ubicación | M4: Descripción | N4: Disponibilidad | O4: Estado | P4: Creado por | Q4: Enlace | R4: ID de evento
A5: Tri Parayas | B5: 46263 | D5: 46263 | F5: Sí | G5: =D5-B5+1 -> 1 | H5: =CHOOSE(WEEKDAY(B5,2),"Lunes","Martes","Miércoles","Jueves","Viernes","Sábado","Domingo") -> Sábado | I5: =YEAR(B5) -> 2026 | J5: =MONTH(B5) -> 8 | K5: =CHOOSE(MONTH(B5),"Enero","Febrero","Marzo","Abril","Mayo","Junio","Julio","Agosto","Septiembre","Octubre","Noviembre","Diciembre") -> Agosto | N5: Libre | O5: Confirmado | P5: unocrono@gmail.com | Q5: Abrir en Google | R5: s2dhd6h88bb8ej65395ekjjjuk
A6: 24h - 100Km Santander | B6: 46270 | D6: 46271 | F6: Sí | G6: =D6-B6+1 -> 2 | H6: =CHOOSE(WEEKDAY(B6,2),"Lunes","Martes","Miércoles","Jueves","Viernes","Sábado","Domingo") -> Sábado | I6: =YEAR(B6) -> 2026 | J6: =MONTH(B6) -> 9 | K6: =CHOOSE(MONTH(B6),"Enero","Febrero","Marzo","Abril","Mayo","Junio","Julio","Agosto","Septiembre","Octubre","Noviembre","Diciembre") -> Septiembre | N6: Ocupado | O6: Confirmado | P6: unocrono@gmail.com | Q6: Abrir en Google | R6: 7pcd4umgjru4k8elm8nnoac715
A7: Bajo Pas | B7: 46277 | D7: 46277 | F7: Sí | G7: =D7-B7+1 -> 1 | H7: =CHOOSE(WEEKDAY(B7,2),"Lunes","Martes","Miércoles","Jueves","Viernes","Sábado","Domingo") -> Sábado | I7: =YEAR(B7) -> 2026 | J7: =MONTH(B7) -> 9 | K7: =CHOOSE(MONTH(B7),"Enero","Febrero","Marzo","Abril","Mayo","Junio","Julio","Agosto","Septiembre","Octubre","Noviembre","Diciembre") -> Septiembre | N7: Libre | O7: Confirmado | P7: unocrono@gmail.com | Q7: Abrir en Google | R7: 6ri147f7mrjdcetqp6mffprc88
A8: Peña Prieta | B8: 46298 | D8: 46298 | F8: Sí | G8: =D8-B8+1 -> 1 | H8: =CHOOSE(WEEKDAY(B8,2),"Lunes","Martes","Miércoles","Jueves","Viernes","Sábado","Domingo") -> Sábado | I8: =YEAR(B8) -> 2026 | J8: =MONTH(B8) -> 10 | K8: =CHOOSE(MONTH(B8),"Enero","Febrero","Marzo","Abril","Mayo","Junio","Julio","Agosto","Septiembre","Octubre","Noviembre","Diciembre") -> Octubre | N8: Libre | O8: Confirmado | P8: unocrono@gmail.com | Q8: Abrir en Google | R8: 1e33gs6dotcke7sfgvdqp50eam
A9: Maraton de Logroño | B9: 46299 | D9: 46299 | F9: Sí | G9: =D9-B9+1 -> 1 | H9: =CHOOSE(WEEKDAY(B9,2),"Lunes","Martes","Miércoles","Jueves","Viernes","Sábado","Domingo") -> Domingo | I9: =YEAR(B9) -> 2026 | J9: =MONTH(B9) -> 10 | K9: =CHOOSE(MONTH(B9),"Enero","Febrero","Marzo","Abril","Mayo","Junio","Julio","Agosto","Septiembre","Octubre","Noviembre","Diciembre") -> Octubre | N9: Libre | O9: Confirmado | P9: unocrono@gmail.com | Q9: Abrir en Google | R9: 4vm86l4qtq5vudmqk8msl7ufab
A10: Entre Viñedos | B10: 46320 | D10: 46320 | F10: Sí | G10: =D10-B10+1 -> 1 | H10: =CHOOSE(WEEKDAY(B10,2),"Lunes","Martes","Miércoles","Jueves","Viernes","Sábado","Domingo") -> Domingo | I10: =YEAR(B10) -> 2026 | J10: =MONTH(B10) -> 10 | K10: =CHOOSE(MONTH(B10),"Enero","Febrero","Marzo","Abril","Mayo","Junio","Julio","Agosto","Septiembre","Octubre","Noviembre","Diciembre") -> Octubre | N10: Libre | O10: Confirmado | P10: unocrono@gmail.com | Q10: Abrir en Google | R10: 5q121bjs66qbatfcjf7kod6e2a
A11: Trail Loiu | B11: 46327 | D11: 46327 | F11: Sí | G11: =D11-B11+1 -> 1 | H11: =CHOOSE(WEEKDAY(B11,2),"Lunes","Martes","Miércoles","Jueves","Viernes","Sábado","Domingo") -> Domingo | I11: =YEAR(B11) -> 2026 | J11: =MONTH(B11) -> 11 | K11: =CHOOSE(MONTH(B11),"Enero","Febrero","Marzo","Abril","Mayo","Junio","Julio","Agosto","Septiembre","Octubre","Noviembre","Diciembre") -> Noviembre | N11: Libre | O11: Confirmado | P11: unocrono@gmail.com | Q11: Abrir en Google | R11: 1ob6fb916fhcpj23vv92sn5o6e
A12: Carrera de GUARDIA CIVIL | B12: 46341 | D12: 46341 | F12: Sí | G12: =D12-B12+1 -> 1 | H12: =CHOOSE(WEEKDAY(B12,2),"Lunes","Martes","Miércoles","Jueves","Viernes","Sábado","Domingo") -> Domingo | I12: =YEAR(B12) -> 2026 | J12: =MONTH(B12) -> 11 | K12: =CHOOSE(MONTH(B12),"Enero","Febrero","Marzo","Abril","Mayo","Junio","Julio","Agosto","Septiembre","Octubre","Noviembre","Diciembre") -> Noviembre | N12: Libre | O12: Confirmado | P12: maikamaroto@gmail.com | Q12: Abrir en Google | R12: 370t7fjikmhjehb4ne94h40gck
A13: Militares Rioja | B13: 46354 | D13: 46354 | F13: Sí | G13: =D13-B13+1 -> 1 | H13: =CHOOSE(WEEKDAY(B13,2),"Lunes","Martes","Miércoles","Jueves","Viernes","Sábado","Domingo") -> Sábado | I13: =YEAR(B13) -> 2026 | J13: =MONTH(B13) -> 11 | K13: =CHOOSE(MONTH(B13),"Enero","Febrero","Marzo","Abril","Mayo","Junio","Julio","Agosto","Septiembre","Octubre","Noviembre","Diciembre") -> Noviembre | N13: Libre | O13: Confirmado | P13: unocrono@gmail.com | Q13: Abrir en Google | R13: 63ev14kel0cip9t2l7irst8pnq
A14: Militares Logroño | B14: 46355 | D14: 46355 | F14: Sí | G14: =D14-B14+1 -> 1 | H14: =CHOOSE(WEEKDAY(B14,2),"Lunes","Martes","Miércoles","Jueves","Viernes","Sábado","Domingo") -> Domingo | I14: =YEAR(B14) -> 2026 | J14: =MONTH(B14) -> 11 | K14: =CHOOSE(MONTH(B14),"Enero","Febrero","Marzo","Abril","Mayo","Junio","Julio","Agosto","Septiembre","Octubre","Noviembre","Diciembre") -> Noviembre | N14: Libre | O14: Confirmado | P14: unocrono@gmail.com | Q14: Abrir en Google | R14: 52k4g7hmfesbc310e2e7tf8bbq
A15: San Felices | B15: 46369 | D15: 46369 | F15: Sí | G15: =D15-B15+1 -> 1 | H15: =CHOOSE(WEEKDAY(B15,2),"Lunes","Martes","Miércoles","Jueves","Viernes","Sábado","Domingo") -> Domingo | I15: =YEAR(B15) -> 2026 | J15: =MONTH(B15) -> 12 | K15: =CHOOSE(MONTH(B15),"Enero","Febrero","Marzo","Abril","Mayo","Junio","Julio","Agosto","Septiembre","Octubre","Noviembre","Diciembre") -> Diciembre | N15: Libre | O15: Confirmado | P15: unocrono@gmail.com | Q15: Abrir en Google | R15: 134cnbsd8tnamegqeo3q0s4u1m
A16: La Garita | B16: 46387 | D16: 46387 | F16: Sí | G16: =D16-B16+1 -> 1 | H16: =CHOOSE(WEEKDAY(B16,2),"Lunes","Martes","Miércoles","Jueves","Viernes","Sábado","Domingo") -> Jueves | I16: =YEAR(B16) -> 2026 | J16: =MONTH(B16) -> 12 | K16: =CHOOSE(MONTH(B16),"Enero","Febrero","Marzo","Abril","Mayo","Junio","Julio","Agosto","Septiembre","Octubre","Noviembre","Diciembre") -> Diciembre | N16: Ocupado | O16: Confirmado | P16: unocrono@gmail.com | Q16: Abrir en Google | R16: 6po31l4540ihc9h6aeb61v4uvt

Sheet Resumen
A1: Resumen de eventos por año y mes
A2: Recuento calculado con COUNTIFS sobre la hoja «Eventos» (columna Año e I y columna Mes J). Se actualiza solo si cambian los datos.
A4: Año | B4: Ene | C4: Feb | D4: Mar | E4: Abr | F4: May | G4: Jun | H4: Jul | I4: Ago | J4: Sep | K4: Oct | L4: Nov | M4: Dic | N4: Total
A5: 2026 | B5: =COUNTIFS(Eventos!$I:$I,$A5,Eventos!$J:$J,1) -> 0 | C5: =COUNTIFS(Eventos!$I:$I,$A5,Eventos!$J:$J,2) -> 0 | D5: =COUNTIFS(Eventos!$I:$I,$A5,Eventos!$J:$J,3) -> 0 | E5: =COUNTIFS(Eventos!$I:$I,$A5,Eventos!$J:$J,4) -> 0 | F5: =COUNTIFS(Eventos!$I:$I,$A5,Eventos!$J:$J,5) -> 0 | G5: =COUNTIFS(Eventos!$I:$I,$A5,Eventos!$J:$J,6) -> 0 | H5: =COUNTIFS(Eventos!$I:$I,$A5,Eventos!$J:$J,7) -> 0 | I5: =COUNTIFS(Eventos!$I:$I,$A5,Eventos!$J:$J,8) -> 1 | J5: =COUNTIFS(Eventos!$I:$I,$A5,Eventos!$J:$J,9) -> 2 | K5: =COUNTIFS(Eventos!$I:$I,$A5,Eventos!$J:$J,10) -> 3 | L5: =COUNTIFS(Eventos!$I:$I,$A5,Eventos!$J:$J,11) -> 4 | M5: =COUNTIFS(Eventos!$I:$I,$A5,Eventos!$J:$J,12) -> 2 | N5: =SUM(B5:M5) -> 12
A6: Total | B6: =SUM(B5:B5) -> 0 | C6: =SUM(C5:C5) -> 0 | D6: =SUM(D5:D5) -> 0 | E6: =SUM(E5:E5) -> 0 | F6: =SUM(F5:F5) -> 0 | G6: =SUM(G5:G5) -> 0 | H6: =SUM(H5:H5) -> 0 | I6: =SUM(I5:I5) -> 1 | ... N6: =SUM(N5:N5) -> 12
A8: Comprobación | B8: =IF(N6=COUNTA(Eventos!$A$5:$A$16),"Cuadra con la hoja Eventos","REVISAR: descuadre") -> Cuadra con la hoja Eventos
